Zone_ID,MAE,RMSE,MAPE,R2
132,39.078636169433594,105.06460571289062,440.0829792022705,-0.16055786609649658
161,37.270835876464844,111.00142669677734,520.642614364624,-0.12707674503326416
237,36.17222213745117,105.75538635253906,64.11538124084473,-0.13248860836029053
236,32.212745666503906,95.7151870727539,4304.027938842773,-0.12688171863555908
162,27.86971092224121,79.28260040283203,473.8271713256836,-0.1410531997680664
